{"cameraMode":{"drawMode":0,"name":"Shaded","section":"Shading Mode"},"sceneLighting":false,"audioPlay":false,"sceneViewState":{"m_AlwaysRefresh":false,"showFog":true,"showSkybox":false,"showFlares":true,"showImageEffects":true,"showParticleSystems":true,"showVisualEffectGraphs":true,"m_FxEnabled":true},"in2DMode":false,"pivot":{"x":-1.4026679992675782,"y":0.09384575486183167,"z":0.17775362730026246},"rotation":{"x":0.039636097848415378,"y":-0.7371236085891724,"z":0.04340086504817009,"w":0.6732056736946106},"size":1.4039968252182007,"orthographic":false}