{"cameraMode":{"drawMode":0,"name":"Shaded","section":"Shading Mode"},"sceneLighting":false,"audioPlay":false,"sceneViewState":{"m_AlwaysRefresh":false,"showFog":true,"showSkybox":false,"showFlares":true,"showImageEffects":true,"showParticleSystems":true,"showVisualEffectGraphs":true,"m_FxEnabled":true},"in2DMode":false,"pivot":{"x":14.280527114868164,"y":0.8955565690994263,"z":3.8752684593200685},"rotation":{"x":-0.0014559628907591105,"y":-0.8446378111839294,"z":-0.0022615105845034124,"w":0.5353549718856812},"size":1.2737455368041993,"orthographic":false}