{"cameraMode":{"drawMode":0,"name":"Shaded","section":"Shading Mode"},"sceneLighting":false,"audioPlay":false,"sceneViewState":{"m_AlwaysRefresh":false,"showFog":true,"showSkybox":false,"showFlares":true,"showImageEffects":true,"showParticleSystems":true,"showVisualEffectGraphs":true,"m_FxEnabled":true},"in2DMode":false,"pivot":{"x":1.448197364807129,"y":19.096811294555665,"z":1.8214970827102662},"rotation":{"x":-0.0013392321998253465,"y":0.9986729621887207,"z":-0.030780036002397538,"w":-0.044102516025304797},"size":2.598076105117798,"orthographic":false}